Work Item Type,Title,State,Tags,Iteration Path,Area Path,Description
Epic,Phase 1 - Core Ops Pilot,New,"cleanops;historical-sync","CleanOps\Sprint 10 - Multi-tenant Phase A",CleanOps,"Phase 1 CleanOps pilot: operator web, driver/agent mobile, Supabase multi-tenant model, payments, and SaaS onboarding. Synced from docs/build-plan.md through 13 Jul 2026."
Feature,"Foundation: schema, monorepo, local Supabase pilot",Done,"cleanops;historical-sync","CleanOps\Sprint 0 - Foundation",CleanOps,"TypeScript monorepo (web, mobile, shared), PostgreSQL schema with RLS, seed pilot operator (Demo Waste Co (Fictional)), auth helpers, shared Zod models. Commit 03d1931."
Product Backlog Item,"Define tenant schema, enums, RLS, and seed data",Done,"cleanops;historical-sync","CleanOps\Sprint 0 - Foundation",CleanOps,Operators zones staff trucks customers routes payments attendance incidents.
Product Backlog Item,Configure local Supabase + shared TypeScript schemas,Done,"cleanops;historical-sync","CleanOps\Sprint 0 - Foundation",CleanOps,Migrations workflow and @cleanops/shared Zod models.
Feature,Sprint 1: Collection agent mobile + operator reconciliation,Done,"cleanops;historical-sync","CleanOps\Sprint 1 - Collection Agent",CleanOps,Agents collect cash in the field; operators reconcile in Payments. Migrations 0016-0021. Commit 69c017e.
Product Backlog Item,Agent customer search and payment entry,Done,"cleanops;historical-sync","CleanOps\Sprint 1 - Collection Agent",CleanOps,search_customers + record_agent_payment with receipt.
Product Backlog Item,Agent daily summary + offline queue,Done,"cleanops;historical-sync","CleanOps\Sprint 1 - Collection Agent",CleanOps,End-of-day totals and AsyncStorage sync pattern.
Product Backlog Item,Operator agent collections reconciliation,Done,"cleanops;historical-sync","CleanOps\Sprint 1 - Collection Agent",CleanOps,operator_agent_collections_snapshot on web Payments.
Feature,Sprint 2: Staff auth provisioning from Admin,Done,"cleanops;historical-sync","CleanOps\Sprint 2 - Staff Auth",CleanOps,Operators create staff logins without manual DB work; mobile email/password sign-in. Migrations 0022-0024. Commit c3b57fe.
Product Backlog Item,Onboard staff with Auth user + temp password,Done,"cleanops;historical-sync","CleanOps\Sprint 2 - Staff Auth",CleanOps,onboard_staff_member returns one-time credentials.
Product Backlog Item,Provision login / password reset for existing staff,Done,"cleanops;historical-sync","CleanOps\Sprint 2 - Staff Auth",CleanOps,provision_staff_member_login + reset email via Inbucket locally.
Product Backlog Item,Mobile credential sign-in for provisioned staff,Done,"cleanops;historical-sync","CleanOps\Sprint 2 - Staff Auth",CleanOps,Email/password login; demo accounts retained.
Feature,Sprint 3: Paystack charge.success webhook posting,Done,"cleanops;historical-sync","CleanOps\Sprint 3 - Paystack Webhook",CleanOps,HMAC-verified webhook posts idempotent payments; ledger auto-refresh on web. Migration 0025.
Product Backlog Item,Verify signature and post Paystack payments,Done,"cleanops;historical-sync","CleanOps\Sprint 3 - Paystack Webhook",CleanOps,Edge Function + record_paystack_payment (service_role).
Product Backlog Item,Shared Paystack helpers + smoke script,Done,"cleanops;historical-sync","CleanOps\Sprint 3 - Paystack Webhook",CleanOps,"Zod schemas, Vitest coverage, paystack-webhook-smoke.mjs."
Feature,Sprint 4: Driver fuel + dumpsite field logging,Done,"cleanops;historical-sync","CleanOps\Sprint 4 - Driver Field Logs",CleanOps,Mobile fuel logs and dumpsite depart/arrive/clear against assigned route. Migration 0026.
Product Backlog Item,Fuel log RPC + mobile form,Done,"cleanops;historical-sync","CleanOps\Sprint 4 - Driver Field Logs",CleanOps,"record_fuel_log (litres, cost, station)."
Product Backlog Item,Dumpsite run phases on mobile,Done,"cleanops;historical-sync","CleanOps\Sprint 4 - Driver Field Logs",CleanOps,record_dumpsite_run + driver_dumpsite_run_for_route.
Feature,Sprint 5: Truck reassignment and route takeover,Done,"cleanops;historical-sync","CleanOps\Sprint 5 - Truck Handoffs",CleanOps,Operator proposes handoffs; drivers confirm/decline on mobile. Extended for driver cover.
Product Backlog Item,Propose / confirm / reject truck handoffs,Done,"cleanops;historical-sync","CleanOps\Sprint 5 - Truck Handoffs",CleanOps,route_truck_handoffs + operator Routes panel.
Product Backlog Item,Driver mobile handoff banner,Done,"cleanops;historical-sync","CleanOps\Sprint 5 - Truck Handoffs",CleanOps,Confirm/decline; dual confirmation for mid-route swaps.
Product Backlog Item,Driver cover + shift cover summaries,Done,"cleanops;historical-sync","CleanOps\Sprint 5 - Truck Handoffs",CleanOps,Cover kinds and operator cover summaries.
Feature,Sprint 6: Unhook trucks from hard zone assignment,Done,"cleanops;historical-sync","CleanOps\Sprint 6 - Floating Trucks",CleanOps,Any operational/standby truck can be assigned to any zone; home zone optional. Migration 0030.
Product Backlog Item,Floating fleet assignment in planner + Admin,Done,"cleanops;historical-sync","CleanOps\Sprint 6 - Floating Trucks",CleanOps,Remove hard truck-zone guard; sort home-zone matches first.
Feature,Sprint 7: Zone templates and daily auto-load,Done,"cleanops;historical-sync","CleanOps\Sprint 7 - Zone Templates",CleanOps,"Zone default/temp templates, save prompt after edits, auto-load at start of day, driver notices."
Product Backlog Item,Save route as zone default or temporary template,Done,"cleanops;historical-sync","CleanOps\Sprint 7 - Zone Templates",CleanOps,Pending banner + leave/sign-out modal.
Product Backlog Item,Auto-load daily routes for operator and eligible drivers,Done,"cleanops;historical-sync","CleanOps\Sprint 7 - Zone Templates",CleanOps,ensure_daily_routes_loaded + driver fallback restrictions.
Product Backlog Item,In-app route-change notices for drivers,Done,"cleanops;historical-sync","CleanOps\Sprint 7 - Zone Templates",CleanOps,driver_route_notices when operator edits assigned plan.
Feature,Sprint 8: Edit staff trucks and customers,Done,"cleanops;historical-sync","CleanOps\Sprint 8 - Admin Edit Flows",CleanOps,Update existing master-data records. Migration 0042.
Product Backlog Item,Admin edit RPCs + UI for staff/truck/customer,Done,"cleanops;historical-sync","CleanOps\Sprint 8 - Admin Edit Flows",CleanOps,update_staff_member update_truck update_customer with zone-move guards.
Feature,"Sprint 9: Driver licences, profiles, SaaS operator UI",Done,"cleanops;historical-sync","CleanOps\Sprint 9 - Licence and SaaS UI",CleanOps,"Licence vault fields/uploads, self-service profiles, operator web SaaS redesign. Migrations 0043-0044."
Product Backlog Item,Driver licence fields + private storage uploads,Done,"cleanops;historical-sync","CleanOps\Sprint 9 - Licence and SaaS UI",CleanOps,Licence expiry and signed URL uploads.
Product Backlog Item,Self-service operator/staff profile management,Done,"cleanops;historical-sync","CleanOps\Sprint 9 - Licence and SaaS UI",CleanOps,Profile updates from the operator shell.
Product Backlog Item,SaaS UI redesign for operator web,Done,"cleanops;historical-sync","CleanOps\Sprint 9 - Licence and SaaS UI",CleanOps,Sidebar controls dashboard presentation polish.
Feature,Sprint 10: Platform admin multi-tenant onboarding,Done,"cleanops;historical-sync","CleanOps\Sprint 10 - Multi-tenant Phase A",CleanOps,"Platform admin console, tenant onboarding, Island Clean seed, isolation fixes. Migrations 0045-0047."
Product Backlog Item,Platform admin RPCs + console UI,Done,"cleanops;historical-sync","CleanOps\Sprint 10 - Multi-tenant Phase A",CleanOps,create_operator_tenant list_operators set_operator_status get_session_operator_context.
Product Backlog Item,Seed Island Clean + packaging docs,Done,"cleanops;historical-sync","CleanOps\Sprint 10 - Multi-tenant Phase A",CleanOps,Second PSP tenant smoke checklist saas-packaging.md.
Product Backlog Item,Remove live-mode pilot data fallbacks,Done,"cleanops;historical-sync","CleanOps\Sprint 10 - Multi-tenant Phase A",CleanOps,Stop showing Demo Waste Co (Fictional) fixtures when another tenant is signed in.
Product Backlog Item,Restore API table grants for authenticated role,Done,"cleanops;historical-sync","CleanOps\Sprint 10 - Multi-tenant Phase A",CleanOps,Fix permission denied for table routes; migration 0047.
Feature,"Sprint 11: Quality gate (CI + smoke + device QA)",New,"cleanops;historical-sync","CleanOps\Sprint 11 - Quality Gate",CleanOps,"Next build item. CI typecheck + migration lint; smoke tests; Android device QA for driver + agent offline sync."
Product Backlog Item,Add CI pipeline for typecheck and migration checks,New,"cleanops;historical-sync","CleanOps\Sprint 11 - Quality Gate",CleanOps,From docs/build-plan.md quality gate.
Product Backlog Item,Browser smoke tests for critical operator flows,New,"cleanops;historical-sync","CleanOps\Sprint 11 - Quality Gate",CleanOps,From docs/build-plan.md quality gate.
Product Backlog Item,Android device QA for driver and agent offline sync,New,"cleanops;historical-sync","CleanOps\Sprint 11 - Quality Gate",CleanOps,From docs/build-plan.md quality gate.
